Precision,Recall,F1 Score
0.9167973405460033,0.9158333333333334,0.916315083394336
