Value,Average,Combined
Precision,0.91880935735782,0.9321621957240506
Recall,0.9177,0.9311666666666667
F1 Score,0.9182543289703288,0.9316641652524744
